	{	
	"textures": {
		"0": "tinkersdiving:block/copper_backtank",
		"particle": "tinkersdiving:block/copper_backtank"
	},
	"elements": [
		{	
			"from": [5, 0, 5],
			"to": [11, 4, 11],
			"faces": {
				"north": {"uv": [8.5, 4, 11.5, 6], "texture": "#0"},
				"east": {"uv": [4.5, 4, 7.5, 6], "texture": "#0"},
				"south": {"uv": [0.5, 4, 3.5, 6], "texture": "#0"},
				"west": {"uv": [4.5, 4, 7.5, 6], "texture": "#0"},
				"down": {"uv": [4.5, 6.5, 7.5, 9.5], "texture": "#0"}
			}
		},
		{	
			"from": [5, 10, 5],
			"to": [11, 12, 11],
			"faces": {
				"north": {"uv": [8.5, 0, 11.5, 1], "texture": "#0"},
				"east": {"uv": [4.5, 0, 7.5, 1], "texture": "#0"},
				"south": {"uv": [0.5, 0, 3.5, 1], "texture": "#0"},
				"west": {"uv": [4.5, 0, 7.5, 1], "texture": "#0"},
				"up": {"uv": [0.5, 6.5, 3.5, 9.5], "texture": "#0"}
			}
		},
		{
			"from": [4, 4, 4],
			"to": [12, 10, 12],
			"faces": {
				"north": {"uv": [8, 1, 12, 4], "texture": "#0"},
				"east": {"uv": [4, 1, 8, 4], "texture": "#0"},
				"south": {"uv": [0, 1, 4, 4], "texture": "#0"},
				"west": {"uv": [4, 1, 8, 4], "texture": "#0"},
				"up": {"uv": [0, 6, 4, 10], "texture": "#0"},
				"down": {"uv": [4, 6, 8, 10], "texture": "#0"}
			}
		},
		{
			"from": [4, 4, 9],
			"to": [12, 10, 11],
			"faces": {
				"south": {"uv": [0, 12.5, 1, 13], "texture": "#0"}
			}
		},
		{
			"from": [5, 2, 3],
			"to": [11, 11, 5],
			"faces": {
				"north": {"uv": [1, 11.5, 4, 16], "texture": "#0"},
				"east": {"uv": [5, 11.5, 4, 16], "texture": "#0"},
				"south": {"uv": [0, 0, 6, 9], "texture": "#0"},
				"west": {"uv": [4, 11.5, 5, 16], "texture": "#0"},
				"up": {"uv": [1, 10.5, 4, 11.5], "texture": "#0"},
				"down": {"uv": [0, 11.5, 1, 14.5], "rotation": 90, "texture": "#0"}
			}
		}
	],
	"groups": [
		{
			"name": "Tank",
			"origin": [0, 0, 0],
			"children": [0, 1, 2, 3, 4]
		},
		{
			"name": "Axle",
			"origin": [8, 8, 8],
			"children": []
		}
	]
}