{
  "mappings": {
    "com/example/tinkersdiving/mixin/LavaSwimmingMixin": {
      "travel(Lnet/minecraft/world/phys/Vec3;)V": "Lnet/minecraft/world/entity/LivingEntity;m_7023_(Lnet/minecraft/world/phys/Vec3;)V",
      "Lnet/minecraft/world/entity/LivingEntity;isInLava()Z": "Lnet/minecraft/world/entity/LivingEntity;m_20077_()Z",
      "Lnet/minecraft/world/entity/LivingEntity;move(Lnet/minecraft/world/entity/MoverType;Lnet/minecraft/world/phys/Vec3;)V": "Lnet/minecraft/world/entity/LivingEntity;m_6478_(Lnet/minecraft/world/entity/MoverType;Lnet/minecraft/world/phys/Vec3;)V"
    }
  },
  "data": {
    "searge": {
      "com/example/tinkersdiving/mixin/LavaSwimmingMixin": {
        "travel(Lnet/minecraft/world/phys/Vec3;)V": "Lnet/minecraft/world/entity/LivingEntity;m_7023_(Lnet/minecraft/world/phys/Vec3;)V",
        "Lnet/minecraft/world/entity/LivingEntity;isInLava()Z": "Lnet/minecraft/world/entity/LivingEntity;m_20077_()Z",
        "Lnet/minecraft/world/entity/LivingEntity;move(Lnet/minecraft/world/entity/MoverType;Lnet/minecraft/world/phys/Vec3;)V": "Lnet/minecraft/world/entity/LivingEntity;m_6478_(Lnet/minecraft/world/entity/MoverType;Lnet/minecraft/world/phys/Vec3;)V"
      }
    }
  }
}