{
	"textures": {
		"0": "tinkersdiving:block/copper_backtank",
		"particle": "tinkersdiving:block/copper_backtank"
	},
	"elements": [
		{
			"from": [5, 4, 10.5],
			"to": [7, 9, 11.5],
			"rotation": {"angle": 0, "axis": "y", "origin": [8, 6.5, 11]},
			"faces": {
				"north": {"uv": [6.5, 11.5, 5.5, 14], "texture": "#0"},
				"east": {"uv": [6.5, 11.5, 7, 14], "texture": "#0"},
				"south": {"uv": [5.5, 11.5, 6.5, 14], "texture": "#0"},
				"west": {"uv": [5.5, 11.5, 6, 14], "texture": "#0"},
				"up": {"uv": [5.5, 11, 6.5, 11.5], "texture": "#0"},
				"down": {"uv": [5.5, 11, 6.5, 11.5], "texture": "#0"}
			}
		},
		{
			"from": [5, 4, 10.5],
			"to": [7, 9, 11.5],
			"forge_data": {"calculate_normals": true},
			"rotation": {"angle": 45, "axis": "x", "origin": [8, 6.5, 11]},
			"faces": {
				"north": {"uv": [6.5, 11.5, 5.5, 14], "texture": "#0"},
				"east": {"uv": [6.5, 11.5, 7, 14], "texture": "#0"},
				"south": {"uv": [5.5, 11.5, 6.5, 14], "texture": "#0"},
				"west": {"uv": [5.5, 11.5, 6, 14], "texture": "#0"},
				"up": {"uv": [5.5, 11, 6.5, 11.5], "texture": "#0"},
				"down": {"uv": [5.5, 11, 6.5, 11.5], "texture": "#0"}
			}
		},
		{
			"from": [5, 6, 8.5],
			"to": [7, 7, 13.5],
			"rotation": {"angle": 0, "axis": "y", "origin": [8, 6.5, 11]},
			"faces": {
				"north": {"uv": [5.5, 11, 6.5, 11.5], "rotation": 180, "texture": "#0"},
				"east": {"uv": [6.5, 11.5, 7, 14], "rotation": 270, "texture": "#0"},
				"south": {"uv": [5.5, 11, 6.5, 11.5], "texture": "#0"},
				"west": {"uv": [5.5, 11.5, 6, 14], "rotation": 90, "texture": "#0"},
				"up": {"uv": [6.5, 11.5, 5.5, 14], "rotation": 180, "texture": "#0"},
				"down": {"uv": [5.5, 11.5, 6.5, 14], "texture": "#0"}
			}
		},
		{
			"from": [5, 6, 8.5],
			"to": [7, 7, 13.5],
			"forge_data": {"calculate_normals": true},
			"rotation": {"angle": 45, "axis": "x", "origin": [8, 6.5, 11]},
			"faces": {
				"north": {"uv": [5.5, 11, 6.5, 11.5], "rotation": 180, "texture": "#0"},
				"east": {"uv": [6.5, 11.5, 7, 14], "rotation": 270, "texture": "#0"},
				"south": {"uv": [5.5, 11, 6.5, 11.5], "texture": "#0"},
				"west": {"uv": [5.5, 11.5, 6, 14], "rotation": 90, "texture": "#0"},
				"up": {"uv": [6.5, 11.5, 5.5, 14], "rotation": 180, "texture": "#0"},
				"down": {"uv": [5.5, 11.5, 6.5, 14], "texture": "#0"}
			}
		},
		{
			"from": [9, 4, 10.5],
			"to": [11, 9, 11.5],
			"rotation": {"angle": 0, "axis": "y", "origin": [8, 6.5, 11]},
			"faces": {
				"north": {"uv": [5.5, 11.5, 6.5, 14], "texture": "#0"},
				"east": {"uv": [5.5, 11.5, 6, 14], "texture": "#0"},
				"south": {"uv": [6.5, 11.5, 5.5, 14], "texture": "#0"},
				"west": {"uv": [6.5, 11.5, 7, 14], "texture": "#0"},
				"up": {"uv": [5.5, 11, 6.5, 11.5], "rotation": 180, "texture": "#0"},
				"down": {"uv": [5.5, 11, 6.5, 11.5], "rotation": 180, "texture": "#0"}
			}
		},
		{
			"from": [9, 4, 10.5],
			"to": [11, 9, 11.5],
			"forge_data": {"calculate_normals": true},
			"rotation": {"angle": 45, "axis": "x", "origin": [8, 6.5, 11]},
			"faces": {
				"north": {"uv": [5.5, 11.5, 6.5, 14], "texture": "#0"},
				"east": {"uv": [5.5, 11.5, 6, 14], "texture": "#0"},
				"south": {"uv": [6.5, 11.5, 5.5, 14], "texture": "#0"},
				"west": {"uv": [6.5, 11.5, 7, 14], "texture": "#0"},
				"up": {"uv": [5.5, 11, 6.5, 11.5], "rotation": 180, "texture": "#0"},
				"down": {"uv": [5.5, 11, 6.5, 11.5], "rotation": 180, "texture": "#0"}
			}
		},
		{
			"from": [9, 6, 8.5],
			"to": [11, 7, 13.5],
			"rotation": {"angle": 0, "axis": "y", "origin": [8, 6.5, 11]},
			"faces": {
				"north": {"uv": [5.5, 11, 6.5, 11.5], "texture": "#0"},
				"east": {"uv": [5.5, 11.5, 6, 14], "rotation": 270, "texture": "#0"},
				"south": {"uv": [5.5, 11, 6.5, 11.5], "rotation": 180, "texture": "#0"},
				"west": {"uv": [6.5, 11.5, 7, 14], "rotation": 90, "texture": "#0"},
				"up": {"uv": [5.5, 11.5, 6.5, 14], "rotation": 180, "texture": "#0"},
				"down": {"uv": [6.5, 11.5, 5.5, 14], "texture": "#0"}
			}
		},
		{
			"from": [9, 6, 8.5],
			"to": [11, 7, 13.5],
			"forge_data": {"calculate_normals": true},
			"rotation": {"angle": 45, "axis": "x", "origin": [8, 6.5, 11]},
			"faces": {
				"north": {"uv": [5.5, 11, 6.5, 11.5], "texture": "#0"},
				"east": {"uv": [5.5, 11.5, 6, 14], "rotation": 270, "texture": "#0"},
				"south": {"uv": [5.5, 11, 6.5, 11.5], "rotation": 180, "texture": "#0"},
				"west": {"uv": [6.5, 11.5, 7, 14], "rotation": 90, "texture": "#0"},
				"up": {"uv": [5.5, 11.5, 6.5, 14], "rotation": 180, "texture": "#0"},
				"down": {"uv": [6.5, 11.5, 5.5, 14], "texture": "#0"}
			}
		}
	],
	"groups": [
		{
			"name": "Gears",
			"origin": [1, 2.5, 0.5],
			"children": [0, 1, 2, 3, 4, 5, 6, 7]
		},
		{
			"name": "Axle",
			"origin": [8, 8, 8],
			"children": []
		}
	]
}