{
  "type": "tconstruct:modifier",
  "tools": { "tag": "tconstruct:modifiable/armor/helmets" },
  "inputs": [
    { "item": "minecraft:glass" },
    { "item": "create:andesite_alloy" },
    { "item": "create:andesite_alloy" },
    { "item": "minecraft:copper_ingot" },
    { "item": "minecraft:copper_ingot" }
  ],
  "requirements": [
    {
      "type": "modifier",
      "modifier": "tconstruct:aqua_affinity",
      "level": 1
    }
  ],
  "result": "tinkersdiving:diving_helmet" ,
  "slots": { "abilities": 1 }
}
